position,doc,lang,form,lemma,anchor
0,specimen,it,L'incipit,,specimen:0.1.0.0.0
1,specimen,it,con,,specimen:0.1.0.0.0
2,specimen,it,apparato,,specimen:0.1.0.0.0
3,specimen,it,dimostrativo,,specimen:0.1.0.0.0
4,specimen,it,Musa,,specimen:0.1.0.0.1.0.0
5,specimen,it,quell'uom,,specimen:0.1.0.0.1.0
6,specimen,it,di,,specimen:0.1.0.0.1.0
7,specimen,it,multiforme,,specimen:0.1.0.0.1.0.1.0
8,specimen,it,ingegno,,specimen:0.1.0.0.1.0
9,specimen,it,dimmi,,specimen:0.1.0.0.1.1
10,specimen,it,che,,specimen:0.1.0.0.1.1
11,specimen,it,molto,,specimen:0.1.0.0.1.1
12,specimen,it,errò,,specimen:0.1.0.0.1.1
13,specimen,it,poich'ebbe,,specimen:0.1.0.0.1.1
14,specimen,it,a,,specimen:0.1.0.0.1.1
15,specimen,it,terra,,specimen:0.1.0.0.1.1
16,specimen,it,gittate,,specimen:0.1.0.0.1.2
17,specimen,it,d,,specimen:0.1.0.0.1.2
18,specimen,it,Ilïòn,,specimen:0.1.0.0.1.2.0
19,specimen,it,le,,specimen:0.1.0.0.1.2
20,specimen,it,sacre,,specimen:0.1.0.0.1.2
21,specimen,it,torri,,specimen:0.1.0.0.1.2
22,specimen,it,che,,specimen:0.1.0.0.1.3
23,specimen,it,città,,specimen:0.1.0.0.1.3
24,specimen,it,vide,,specimen:0.1.0.0.1.3
25,specimen,it,molte,,specimen:0.1.0.0.1.3
26,specimen,it,e,,specimen:0.1.0.0.1.3
27,specimen,it,delle,,specimen:0.1.0.0.1.3
28,specimen,it,genti,,specimen:0.1.0.0.1.3
29,specimen,it,l,,specimen:0.1.0.0.1.4
30,specimen,it,indol,,specimen:0.1.0.0.1.4.0.0
31,specimen,it,conobbe,,specimen:0.1.0.0.1.4
32,specimen,it,che,,specimen:0.1.0.0.1.4
33,specimen,it,sovr'esso,,specimen:0.1.0.0.1.4
34,specimen,it,il,,specimen:0.1.0.0.1.4
35,specimen,it,mare,,specimen:0.1.0.0.1.4
36,specimen,it,molti,,specimen:0.1.0.0.1.5
37,specimen,it,dentro,,specimen:0.1.0.0.1.5
38,specimen,it,del,,specimen:0.1.0.0.1.5
39,specimen,it,cor,,specimen:0.1.0.0.1.5
40,specimen,it,sofferse,,specimen:0.1.0.0.1.5
41,specimen,it,affanni,,specimen:0.1.0.0.1.5
42,specimen,it,mentre,,specimen:0.1.0.0.1.6
43,specimen,it,a,,specimen:0.1.0.0.1.6
44,specimen,it,redimer,,specimen:0.1.0.0.1.6.1
45,specimen,it,cercava,,specimen:0.1.0.0.1.6
46,specimen,it,a,,specimen:0.1.0.0.1.6
47,specimen,it,sé,,specimen:0.1.0.0.1.6
48,specimen,it,la,,specimen:0.1.0.0.1.6
49,specimen,it,vita,,specimen:0.1.0.0.1.6
50,specimen,it,e,,specimen:0.1.0.0.1.7
51,specimen,it,il,,specimen:0.1.0.0.1.7
52,specimen,it,ritorno,,specimen:0.1.0.0.1.7
53,specimen,it,a,,specimen:0.1.0.0.1.7
54,specimen,it,compagni,,specimen:0.1.0.0.1.7
55,specimen,it,Una,,specimen:0.1.0.0.2
56,specimen,it,pagina,,specimen:0.1.0.0.2
57,specimen,it,d'autore,,specimen:0.1.0.0.2
58,specimen,it,per,,specimen:0.1.0.0.2
59,specimen,it,mostrare,,specimen:0.1.0.0.2
60,specimen,it,la,,specimen:0.1.0.0.2
61,specimen,it,stratigrafia,,specimen:0.1.0.0.2
62,specimen,it,la,,specimen:0.1.0.0.2
63,specimen,it,sera,,specimen:0.1.0.0.2
64,specimen,it,scendeva,,specimen:0.1.0.0.2.0.1
65,specimen,it,sul,,specimen:0.1.0.0.2
66,specimen,it,paese,,specimen:0.1.0.0.2
67,specimen,it,e,,specimen:0.1.0.0.2
68,specimen,it,lentamente,,specimen:0.1.0.0.2.1
69,specimen,it,il,,specimen:0.1.0.0.2
70,specimen,it,vento,,specimen:0.1.0.0.2
71,specimen,it,si,,specimen:0.1.0.0.2
72,specimen,it,placava,,specimen:0.1.0.0.2
73,specimen,it,Nel,,specimen:0.1.0.0.3
74,specimen,it,testo,,specimen:0.1.0.0.3
75,specimen,it,in,,specimen:0.1.0.0.3
76,specimen,it,prosa,,specimen:0.1.0.0.3
77,specimen,it,lo,,specimen:0.1.0.0.3
78,specimen,it,specimen,,specimen:0.1.0.0.3
79,specimen,it,mostra,,specimen:0.1.0.0.3
80,specimen,it,anche,,specimen:0.1.0.0.3
81,specimen,it,la,,specimen:0.1.0.0.3
82,specimen,it,signora,,specimen:0.1.0.0.3.0.1
83,specimen,it,abbreviazione,,specimen:0.1.0.0.3
84,specimen,it,col,,specimen:0.1.0.0.3
85,specimen,it,suo,,specimen:0.1.0.0.3
86,specimen,it,scioglimento,,specimen:0.1.0.0.3
87,specimen,it,un,,specimen:0.1.0.0.3
88,specimen,it,passo,,specimen:0.1.0.0.3
89,specimen,it,di,,specimen:0.1.0.0.3.1
90,specimen,it,lettura,,specimen:0.1.0.0.3.1
91,specimen,it,incerta,,specimen:0.1.0.0.3.1
92,specimen,it,una,,specimen:0.1.0.0.3
93,specimen,it,parola,,specimen:0.1.0.0.3
94,specimen,it,integrata,,specimen:0.1.0.0.3.2
95,specimen,it,e,,specimen:0.1.0.0.3
96,specimen,it,il,,specimen:0.1.0.0.3
97,specimen,it,nome,,specimen:0.1.0.0.3
98,specimen,it,di,,specimen:0.1.0.0.3
99,specimen,it,Odisseo,,specimen:0.1.0.0.3.3
100,specimen,it,che,,specimen:0.1.0.0.3
101,specimen,it,punta,,specimen:0.1.0.0.3
102,specimen,it,al,,specimen:0.1.0.0.3
103,specimen,it,registro,,specimen:0.1.0.0.3
104,specimen,it,come,,specimen:0.1.0.0.3
105,specimen,it,Itaca,,specimen:0.1.0.0.3.4
106,specimen,it,alla,,specimen:0.1.0.0.3
107,specimen,it,mappa,,specimen:0.1.0.0.3
